Char_ID,Original_study_comment,Original_study_ID,Modelling_author,Modeller_ID
C1,"Modified from character 7 of Roig-Alsina, A., and C.D. Michener. (1993). Studies of the phylogeny and classification of long-tongued bees (Hymenoptera: Apoidea). University of Kansas Science Bulletin 55: 124-162.","Roig-Alsina, A. and C.D. Michener. (1993). University of Kansas Science Bulletin 55: 124-162.","Porto, D.S.",https://orcid.org/0000-0002-1657-9606
C2,"Modified from character 8 of Roig-Alsina, A., and C.D. Michener. (1993). Studies of the phylogeny and classification of long-tongued bees (Hymenoptera: Apoidea). University of Kansas Science Bulletin 55: 124-162.","Roig-Alsina, A. and C.D. Michener. (1993). University of Kansas Science Bulletin 55: 124-162.","Porto, D.S.",https://orcid.org/0000-0002-1657-9606
C3,"Modified from character 9 of Roig-Alsina, A., and C.D. Michener. (1993). Studies of the phylogeny and classification of long-tongued bees (Hymenoptera: Apoidea). University of Kansas Science Bulletin 55: 124-162.","Roig-Alsina, A. and C.D. Michener. (1993). University of Kansas Science Bulletin 55: 124-162.","Porto, D.S.",https://orcid.org/0000-0002-1657-9606
C4,"Modified from character 10 of Roig-Alsina, A., and C.D. Michener. (1993). Studies of the phylogeny and classification of long-tongued bees (Hymenoptera: Apoidea). University of Kansas Science Bulletin 55: 124-162.","Roig-Alsina, A. and C.D. Michener. (1993). University of Kansas Science Bulletin 55: 124-162.","Porto, D.S.",https://orcid.org/0000-0002-1657-9606
C5,"Modified from character 26 of Roig-Alsina, A., and C.D. Michener. (1993). Studies of the phylogeny and classification of long-tongued bees (Hymenoptera: Apoidea). University of Kansas Science Bulletin 55: 124-162.","Roig-Alsina, A. and C.D. Michener. (1993). University of Kansas Science Bulletin 55: 124-162.","Porto, D.S.",https://orcid.org/0000-0002-1657-9606
C6,"Modified from character 27 of Roig-Alsina, A., and C.D. Michener. (1993). Studies of the phylogeny and classification of long-tongued bees (Hymenoptera: Apoidea). University of Kansas Science Bulletin 55: 124-162.","Roig-Alsina, A. and C.D. Michener. (1993). University of Kansas Science Bulletin 55: 124-162.","Porto, D.S.",https://orcid.org/0000-0002-1657-9606
C7,"Modified from character 28 of Roig-Alsina, A., and C.D. Michener. (1993). Studies of the phylogeny and classification of long-tongued bees (Hymenoptera: Apoidea). University of Kansas Science Bulletin 55: 124-162.","Roig-Alsina, A. and C.D. Michener. (1993). University of Kansas Science Bulletin 55: 124-162.","Porto, D.S.",https://orcid.org/0000-0002-1657-9606
C8,"Modified from character 29 of Roig-Alsina, A., and C.D. Michener. (1993). Studies of the phylogeny and classification of long-tongued bees (Hymenoptera: Apoidea). University of Kansas Science Bulletin 55: 124-162.","Roig-Alsina, A. and C.D. Michener. (1993). University of Kansas Science Bulletin 55: 124-162.","Porto, D.S.",https://orcid.org/0000-0002-1657-9606
C9,"Modified from character 30 of Roig-Alsina, A., and C.D. Michener. (1993). Studies of the phylogeny and classification of long-tongued bees (Hymenoptera: Apoidea). University of Kansas Science Bulletin 55: 124-162.","Roig-Alsina, A. and C.D. Michener. (1993). University of Kansas Science Bulletin 55: 124-162.","Porto, D.S.",https://orcid.org/0000-0002-1657-9606
C10,"Modified from character 31 of Roig-Alsina, A., and C.D. Michener. (1993). Studies of the phylogeny and classification of long-tongued bees (Hymenoptera: Apoidea). University of Kansas Science Bulletin 55: 124-162.","Roig-Alsina, A. and C.D. Michener. (1993). University of Kansas Science Bulletin 55: 124-162.","Porto, D.S.",https://orcid.org/0000-0002-1657-9606
